epoch,loss
1,0.404851
2,0.0857684
3,0.028401
4,0.0166823
5,0.011368
6,0.0089963
7,0.0077733
8,0.00595204
9,0.00550939
10,0.00473345
11,0.00402647
12,0.00343874
13,0.00335105
14,0.00280279
15,0.00250642
16,0.00247572
17,0.00225323
18,0.00211566
19,0.00197076
20,0.00179253
21,0.00188735
22,0.00160495
23,0.00148082
24,0.00171875
25,0.00145075
26,0.00132877
27,0.00151499
28,0.00120335
29,0.00123848
30,0.00118902
31,0.00114046
32,0.00113717
33,0.00102007
34,0.000940667
35,0.00091142
36,0.000934985
37,0.000894222
38,0.000897887
39,0.000971408
40,0.000822971
41,0.000687383
42,0.000893798
43,0.000749777
44,0.000710863
45,0.000623393
46,0.000716417
47,0.000768026
48,0.000591098
49,0.00060375
50,0.000727097
51,0.000744045
52,0.000570705
53,0.000541863
54,0.000598236
55,0.000574343
56,0.000632331
57,0.000609336
58,0.000500155
59,0.000672622
60,0.000560861
61,0.000472903
62,0.000493859
63,0.000449646
64,0.000467834
65,0.000403058
66,0.000525874
67,0.000439943
68,0.000387779
69,0.000454281
70,0.000466886
71,0.000565097
72,0.000408702
73,0.000445438
74,0.000389984
75,0.000399494
76,0.000445734
77,0.000368755
78,0.000500439
79,0.000366515
80,0.000358797
81,0.000387854
82,0.00036227
83,0.000301734
84,0.000367433
85,0.000398329
86,0.000308624
87,0.000306586
88,0.000356819
89,0.00035708
90,0.000345489
91,0.000308092
92,0.000317064
93,0.000325408
94,0.000276359
95,0.000308991
96,0.000266716
97,0.000337176
98,0.000273261
99,0.000300291
100,0.000307051
101,0.000263981
102,0.000289673
103,0.000243083
104,0.000280874
105,0.000322948
106,0.000250726
107,0.000255049
108,0.000254946
109,0.000244446
110,0.000266827
111,0.000290482
112,0.00023996
113,0.000198564
114,0.000216114
115,0.000241457
116,0.000209385
117,0.000292533
118,0.000304384
119,0.000293252
120,0.000205453
121,0.000240345
122,0.000205344
123,0.000205804
124,0.000207958
125,0.000203749
126,0.000205663
127,0.000201186
128,0.00021937
129,0.000251443
130,0.00019097
131,0.000224841
132,0.000256057
133,0.00018153
134,0.000244855
135,0.000200879
136,0.000178766
137,0.000275513
138,0.000166895
139,0.000212822
140,0.000215275
141,0.000201506
142,0.000226369
143,0.000209735
144,0.000192263
145,0.000161047
146,0.000186797
147,0.000190555
148,0.000162489
149,0.000205405
150,0.000173656
151,0.000235458
152,0.000221673
153,0.00017831
154,0.000128927
155,0.000170993
156,0.000161014
157,0.000174755
158,0.00020224
159,0.00015842
160,0.000203376
161,0.000170128
162,0.000157216
163,0.000131578
164,0.000176024
165,0.000174307
166,0.00013762
167,0.000153697
168,0.000183389
169,0.000128755
170,0.000175599
171,0.000134757
172,0.000177779
173,0.000153089
174,0.000177611
175,0.000132258
176,0.000148923
177,0.000139125
178,0.000147056
179,0.000159093
180,0.000126629
181,0.000142107
182,0.000160355
183,0.000130121
184,0.000130408
185,0.000175959
186,0.00014457
187,0.000133925
188,0.000150593
189,0.000126154
190,0.000136018
191,0.000172072
192,0.00013215
193,0.000139147
194,0.00015852
195,0.000143361
196,0.000117856
197,0.000145891
198,0.000142378
199,0.000128179
200,0.000133808
201,0.000131708
202,0.000131373
203,0.000102957
204,0.000140059
205,0.000134699
206,0.000113747
207,0.000131269
208,0.000134395
209,0.00010166
210,0.000135587
211,0.000114803
212,0.000161979
213,0.000111668
214,0.000128919
215,0.000111703
216,0.000111834
217,0.000104527
218,0.000101291
219,0.000109096
220,0.000151356
221,0.000130076
222,0.000101183
223,0.00012389
224,0.000111248
225,0.000155264
226,0.000135067
227,0.000100856
228,9.47818e-05
229,0.000104421
230,0.000127561
231,9.58852e-05
232,0.000119292
233,9.7778e-05
234,0.000108824
235,0.000113868
236,9.75197e-05
237,9.95737e-05
238,0.00013027
239,0.000110674
240,0.000131565
241,0.000103222
242,0.000120395
243,9.6444e-05
244,0.000140276
245,9.55179e-05
246,9.45735e-05
247,0.00012417
248,8.75821e-05
249,9.58539e-05
250,0.000113461
251,9.57902e-05
252,0.000111064
253,8.96683e-05
254,8.94792e-05
255,8.93298e-05
256,9.30519e-05
257,0.000114436
258,7.83271e-05
259,0.000119599
260,8.65279e-05
261,8.673e-05
262,0.000110777
263,8.94923e-05
264,0.000101065
265,9.02258e-05
266,0.000104066
267,0.000110037
268,0.000100526
269,7.31147e-05
270,9.08394e-05
271,7.81458e-05
272,9.14227e-05
273,7.88887e-05
274,9.87623e-05
275,8.27352e-05
276,0.000125129
277,8.1321e-05
278,9.06726e-05
279,0.000100878
280,0.000107905
281,7.01005e-05
282,0.000108372
283,7.86345e-05
284,7.35602e-05
285,7.7739e-05
286,8.208e-05
287,8.3838e-05
288,7.4123e-05
289,7.15367e-05
290,0.000116898
291,0.000113166
292,9.83442e-05
293,9.468e-05
294,7.86064e-05
295,0.000104755
296,9.26976e-05
297,7.19379e-05
298,7.92934e-05
299,8.11206e-05
300,7.42176e-05
301,0.000120611
302,8.24192e-05
303,0.000107949
304,7.00153e-05
305,7.19534e-05
306,9.09295e-05
307,7.3732e-05
308,7.36189e-05
309,9.21269e-05
310,6.86278e-05
311,8.16353e-05
312,9.69521e-05
313,0.000102502
314,8.33818e-05
315,8.57804e-05
316,7.06349e-05
317,6.66721e-05
318,8.129e-05
319,0.000100232
320,8.04289e-05
321,7.56775e-05
322,9.38367e-05
323,7.86905e-05
324,6.38618e-05
325,9.14095e-05
326,7.58373e-05
327,7.44788e-05
328,7.06472e-05
329,7.13564e-05
330,0.000110946
331,8.00508e-05
332,0.000105046
333,6.85755e-05
334,8.14205e-05
335,8.6707e-05
336,6.39491e-05
337,9.40983e-05
338,8.72938e-05
339,8.79633e-05
340,8.49573e-05
341,6.30416e-05
342,9.69541e-05
343,6.77481e-05
344,5.72431e-05
345,5.88502e-05
346,6.66099e-05
347,7.28892e-05
348,9.72374e-05
349,8.21642e-05
350,0.000100217
351,5.75085e-05
352,7.28666e-05
353,7.60834e-05
354,6.67984e-05
355,5.73358e-05
356,9.92144e-05
357,8.08698e-05
358,6.49765e-05
359,6.2602e-05
360,6.41149e-05
361,6.89023e-05
362,5.60328e-05
363,6.87239e-05
364,9.00021e-05
365,6.20151e-05
366,6.57483e-05
367,8.6774e-05
368,0.000121
369,7.50886e-05
370,9.838e-05
371,9.69784e-05
372,5.68795e-05
373,7.87488e-05
374,8.53287e-05
375,6.21218e-05
376,5.41005e-05
377,5.46767e-05
378,6.4168e-05
379,6.76123e-05
380,5.81515e-05
381,5.53438e-05
382,6.43299e-05
383,5.82163e-05
384,5.93344e-05
385,7.95057e-05
386,6.28756e-05
387,9.29066e-05
388,6.08384e-05
389,8.21053e-05
390,7.3533e-05
391,8.46352e-05
392,7.90869e-05
393,6.08053e-05
394,8.81545e-05
395,7.51422e-05
396,5.80929e-05
397,6.64137e-05
398,8.12518e-05
399,5.28096e-05
400,5.87003e-05
401,9.17343e-05
402,5.01277e-05
403,7.6396e-05
404,4.61731e-05
405,6.63311e-05
406,6.95737e-05
407,5.2833e-05
408,5.2475e-05
409,6.06013e-05
410,7.64121e-05
411,7.35727e-05
412,6.00324e-05
413,4.67732e-05
414,4.86728e-05
415,5.35406e-05
416,6.37641e-05
417,5.57651e-05
418,4.57089e-05
419,7.0183e-05
420,6.17017e-05
421,5.52649e-05
422,5.35031e-05
423,4.3055e-05
424,6.80684e-05
425,5.58651e-05
426,4.67144e-05
427,5.54838e-05
428,7.91997e-05
429,4.83546e-05
430,5.40308e-05
431,4.58619e-05
432,4.88251e-05
433,4.95112e-05
434,7.18398e-05
435,6.15798e-05
436,5.79652e-05
437,8.47576e-05
438,5.78853e-05
439,7.72943e-05
440,6.44122e-05
441,7.54777e-05
442,4.60403e-05
443,4.98227e-05
444,4.30986e-05
445,4.44601e-05
446,6.23627e-05
447,8.84921e-05
448,4.6801e-05
449,6.56574e-05
450,8.48998e-05
451,4.92532e-05
452,6.02025e-05
453,5.62725e-05
454,6.21191e-05
455,6.8337e-05
456,5.29487e-05
457,6.25938e-05
458,7.96907e-05
459,7.05903e-05
460,5.16798e-05
461,5.16379e-05
462,4.60229e-05
463,4.86896e-05
464,6.75506e-05
465,4.7381e-05
466,6.17386e-05
467,5.01343e-05
468,4.70999e-05
469,5.71145e-05
470,4.6521e-05
471,5.24657e-05
472,6.75656e-05
473,6.42807e-05
474,6.90251e-05
475,4.64554e-05
476,4.89689e-05
477,4.97654e-05
478,4.37654e-05
479,5.97502e-05
480,5.20131e-05
481,7.68926e-05
482,5.25105e-05
483,5.14352e-05
484,7.26128e-05
485,4.76222e-05
486,6.51248e-05
487,5.92429e-05
488,5.41781e-05
489,4.78021e-05
490,5.09408e-05
491,4.06447e-05
492,5.34226e-05
493,4.91295e-05
494,5.15412e-05
495,4.19432e-05
496,7.45032e-05
497,5.14697e-05
498,4.17939e-05
499,3.71081e-05
500,4.38004e-05
